{"cameraMode":{"drawMode":0,"name":"Shaded","section":"Shading Mode"},"sceneLighting":true,"audioPlay":false,"sceneViewState":{"m_AlwaysRefresh":false,"showFog":true,"showSkybox":true,"showFlares":true,"showImageEffects":true,"showParticleSystems":true,"showVisualEffectGraphs":true,"m_FxEnabled":true},"in2DMode":false,"pivot":{"x":-0.031657565385103229,"y":-3.294795513153076,"z":64.62236022949219},"rotation":{"x":0.05528024584054947,"y":0.006985170766711235,"z":-0.00039004141581244767,"w":0.9984463453292847},"size":49.59876251220703,"orthographic":false}